rate,rf_hz,ratio_hex,implied_rate_hz,demod_if_hex,demod_if_hz,r0a,r0b,r17,r1a,r1b,r10,r14,r15,r16
250000,96100000,0ccccccc,562500,3b471d,2124996,c5,e6,20,2a,34,84,4a,c6,91
250000,433920000,0ccccccc,562500,3b471d,2124996,c5,e6,28,69,00,44,cb,d2,8f
250000,1090000000,0ccccccc,562500,3b471d,2124996,c5,e6,28,68,00,04,06,c6,eb
256000,96100000,0c200000,593814,3b471d,2124996,c5,e6,20,2a,34,84,4a,c6,91
256000,433920000,0c200000,593814,3b471d,2124996,c5,e6,28,69,00,44,cb,d2,8f
256000,1090000000,0c200000,593814,3b471d,2124996,c5,e6,28,68,00,04,06,c6,eb
400000,96100000,,,,,d5,,20,2a,34,84,8a,4a,5f
400000,433920000,,,,,d5,,28,69,00,44,cb,32,c3
400000,1090000000,,,,,d5,,28,68,00,04,06,9e,f8
600000,96100000,,,,,d5,,20,2a,34,84,8a,4a,5f
600000,433920000,,,,,d5,,28,69,00,44,cb,32,c3
600000,1090000000,,,,,d5,,28,68,00,04,06,9e,f8
900000,96100000,,,,,d5,,20,2a,34,84,8a,4a,5f
900000,433920000,,,,,d5,,28,69,00,44,cb,32,c3
900000,1090000000,,,,,d5,,28,68,00,04,06,9e,f8
960000,96100000,07800000,960000,3c38e4,1699997,c5,eb,20,2a,34,84,4a,56,55
960000,433920000,07800000,960000,3c38e4,1699997,c5,eb,28,69,00,44,cb,b6,80
960000,1090000000,07800000,960000,3c38e4,1699997,c5,eb,28,68,00,04,06,fe,e7
1024000,96100000,07080000,1024000,3c38e4,1699997,c5,eb,20,2a,34,84,4a,56,55
1024000,433920000,07080000,1024000,3c38e4,1699997,c5,eb,28,69,00,44,cb,b6,80
1024000,1090000000,07080000,1024000,3c38e4,1699997,c5,eb,28,68,00,04,06,fe,e7
1400000,96100000,05249248,1400000,3c8000,1575000,c5,ec,20,2a,34,84,4a,8e,43
1400000,433920000,05249248,1400000,3c8000,1575000,c5,ec,28,69,00,44,cb,44,7c
1400000,1090000000,05249248,1400000,3c8000,1575000,c5,ec,28,68,00,04,06,e4,e6
1800000,96100000,04000000,1800000,3c1c72,1749998,c5,ac,20,2a,34,84,4a,72,5c
1800000,433920000,04000000,1800000,3c1c72,1749998,c5,ac,28,69,00,44,cb,7e,82
1800000,1090000000,04000000,1800000,3c1c72,1749998,c5,ac,28,68,00,04,06,72,e8
1920000,96100000,03c00000,1920000,3c471d,1674996,c5,ae,20,2a,34,84,4a,c6,51
1920000,433920000,03c00000,1920000,3c471d,1674996,c5,ae,28,69,00,44,cb,d2,7f
1920000,1090000000,03c00000,1920000,3c471d,1674996,c5,ae,28,68,00,04,06,c6,e7
2000000,96100000,03999998,2000000,3c638f,1624995,c5,af,20,2a,34,84,4a,aa,4a
2000000,433920000,03999998,2000000,3c638f,1624995,c5,af,28,69,00,44,cb,0a,7e
2000000,1090000000,03999998,2000000,3c638f,1624995,c5,af,28,68,00,04,06,56,e7
2048000,96100000,03840000,2048000,3c638f,1624995,c5,af,20,2a,34,84,4a,aa,4a
2048000,433920000,03840000,2048000,3c638f,1624995,c5,af,28,69,00,44,cb,0a,7e
2048000,1090000000,03840000,2048000,3c638f,1624995,c5,af,28,68,00,04,06,56,e7
2400000,96100000,03000000,2400000,3bf778,1814996,c5,8f,20,2a,34,84,4a,b0,65
2400000,433920000,03000000,2400000,3bf778,1814996,c5,8f,28,69,00,44,cb,ce,84
2400000,1090000000,03000000,2400000,3bf778,1814996,c5,8f,28,68,00,04,06,06,e9
2560000,96100000,02d00000,2560000,381112,3569994,d5,6b,20,2a,34,84,8a,4a,5f
2560000,433920000,02d00000,2560000,381112,3569994,d5,6b,28,69,00,44,cb,32,c3
2560000,1090000000,02d00000,2560000,381112,3569994,d5,6b,28,68,00,04,06,9e,f8
2800000,96100000,02924924,2800000,381112,3569994,d5,6b,20,2a,34,84,8a,4a,5f
2800000,433920000,02924924,2800000,381112,3569994,d5,6b,28,69,00,44,cb,32,c3
2800000,1090000000,02924924,2800000,381112,3569994,d5,6b,28,68,00,04,06,9e,f8
2880000,96100000,02800000,2880000,381112,3569994,d5,6b,20,2a,34,84,8a,4a,5f
2880000,433920000,02800000,2880000,381112,3569994,d5,6b,28,69,00,44,cb,32,c3
2880000,1090000000,02800000,2880000,381112,3569994,d5,6b,28,68,00,04,06,9e,f8
3200000,96100000,02400000,3200000,381112,3569994,d5,6b,20,2a,34,84,8a,4a,5f
3200000,433920000,02400000,3200000,381112,3569994,d5,6b,28,69,00,44,cb,32,c3
3200000,1090000000,02400000,3200000,381112,3569994,d5,6b,28,68,00,04,06,9e,f8
3300000,96100000,,,,,d5,,20,2a,34,84,8a,4a,5f
3300000,433920000,,,,,d5,,28,69,00,44,cb,32,c3
3300000,1090000000,,,,,d5,,28,68,00,04,06,9e,f8
3600000,96100000,,,,,d5,,20,2a,34,84,8a,4a,5f
3600000,433920000,,,,,d5,,28,69,00,44,cb,32,c3
3600000,1090000000,,,,,d5,,28,68,00,04,06,9e,f8
4000000,96100000,,,,,d5,,20,2a,34,84,8a,4a,5f
4000000,433920000,,,,,d5,,28,69,00,44,cb,32,c3
4000000,1090000000,,,,,d5,,28,68,00,04,06,9e,f8
