bandsweep-nooelec-selftest-20261001	bandsweep.pcapng	3477708	e65be3a98842aff350d07a15da549eec6137ed55560e3ddbbf3268bf47d53afa
bandsweep-v3c-20261001	bandsweep.pcapng	4079016	69400e4df44bfc85958abb9244c1024619f07c6e89e2dd686ef33298aca11240
bandsweep-v4-20261001	bandsweep.pcapng	4732300	f21fbdb7820398fcc33da832169e8bd08530fef34000e34fe85ea5e82a5d5a05
bandsweep-v4l-20261001	bandsweep.pcapng	11301268	de2407f4524086654b57b249bb06edb3972858986610dac9c93941e490a1ea6e
finescan-v4-108150000-10000	scan.pcapng	4253680	8c1080d7700f6500cb74abf842143562ddfbd5ffa9aa5dddba09d326b0ac482d
finescan-v4-111000000-20000-r2400000	scan.pcapng	8802348	fb28ec39f6b69b8dc51c8bec0ff00727ebd67c683a8798a7cd7e08d968076420
finescan-v4-111000000-20000-r3200000	scan.pcapng	1433408	7c3dc1a4ee1582aae55550d924c1d2d79a98b74c83edc166623af69d522f7e46
finescan-v4-111900000-10000	scan.pcapng	1150388	c4177294e5d1602caf11ef81db21ba87f0ddf4a3b15e5d84dc6c45ff06741f16
finescan-v4-138150000-10000	scan.pcapng	2844980	d83fe2a8dfbe6b51d198c6b91247d011d19faa698295811ad3f63a92a97975c7
finescan-v4-171600000-10000	scan.pcapng	755980	ef870f917f228f37bb3ebf84ac1965aefbaa458c4769796954cd25984eaae86c
finescan-v4-178150000-10000	scan.pcapng	2007280	c270e4a9c3b5bc7f25fae872af9d91a1114cc70e22e33c812dd8143c22c01b03
finescan-v4-241900000-10000	scan.pcapng	1493128	0904aa799a6a2db2818a49c731d5ff670a3784d977ae71d8141a70fc4dfc1d36
finescan-v4-248150000-10000	scan.pcapng	1513468	f97491871d80cfafb548e2a796bde38823d8e124a4cdb397048637e1465ecf64
finescan-v4-278150000-10000	scan.pcapng	1249092	f8344f108c1139d5e679fd2e90956e3b851ac252bd2fd5b823c46bb0d69a7aec
finescan-v4-30000000-250000	scan.pcapng	24317764	fdd74471fde8172fee1d24b6828633dda1c2d8014f334cd605befbd4b9b8c608
finescan-v4-308150000-10000	scan.pcapng	2377732	1c6dae0a39b9e83e47efdd632da8bf9fc61c3e900446a5eb508938112fbf1f58
finescan-v4-46500000-20000-r1024000	scan.pcapng	1624032	94f22f1942905c05392ea480a8830e73e4473ca624aa8a05399d5147b64200cf
finescan-v4-46500000-20000-r2400000	scan.pcapng	5650024	b1eb37e2f03933d6a3d6be1fdaa089c8d76300cae71a15d8ab83b8b2b69823b3
finescan-v4-46500000-20000-r3200000	scan.pcapng	1564092	db2bee4dd8bd88795fc6647ecfeb93d9a9703e17a60d06158b69b47634b02227
finescan-v4-48200000-10000	scan.pcapng	846012	147a8fa8b4755be15fa44591e8802696ab8b6a14c05e225122c944b3d1d5ebb7
finescan-v4-53150000-10000	scan.pcapng	3160936	6d333d6fb50085c224157fa7bdb0fb90c0761db8d9d707464449a377f966e29c
finescan-v4-58150000-10000	scan.pcapng	4596420	b11254366569aa98580445026de8823a15fa4d74c6a2388190f146ebe2fb7d8e
finescan-v4-586200000-10000	scan.pcapng	596192	3fcc16c983853f7f1d1ad54a56ad60a1c4b0be68cc387fb5552a825f7b1c8cee
finescan-v4-63150000-10000	scan.pcapng	2678976	4109a6ef0709981a910cd22a6293a118dc1e2df9adc122e91a35cdf490a81895
finescan-v4-68150000-10000	scan.pcapng	3822392	d68ea01dc3c4e6f95d298a8d68df8959083853c06356fd024707e2ddfdfb04c2
finescan-v4-73150000-10000	scan.pcapng	4087404	01d573a3572062e6ee7e1014024a6a39287e4930a5a1aac734989abe91427742
finescan-v4-84600000-10000	scan.pcapng	794084	2b7b852b82c8edf7692b5b2edac36ef1aae30972e01ba41c88ee75a61a4db067
finescan-v4-88150000-10000	scan.pcapng	3365548	29e7e62cf6fce251c766763eab1d110ff7931bcd205f4901ae26a9038067b1ab
finescan-v4l-30000000-250000	scan.pcapng	23460072	ecbe5f739794801bc482d389f1192b89ec6b6f5639f8f85340af2754a8968412
finescan-v4l-48200000-10000	scan.pcapng	964348	7c3511fd0c6d692f701f8cac710eb2a0b2fcc1959d8fe938d1e8b90ac986ee5b
finescan-v4l-586200000-10000	scan.pcapng	1376516	fcc7bb0d9d4c0ab9ef5bafd029ee6b37b6de84f24db92741d143283257a625c2
nooelec-v5-bandsweep-20260930	bandsweep.pcapng	7461340	f53582d54ee9bfdcda7ce065e12ee3b7cc837db82c049a99aea683350f52a142
ratematrix-v4-20261001	matrix.pcapng	7846944	466a10225b374ce8fb748e25586497bf282f417c3e5df6ca7411b898fab9fee9
ratematrix-v4-run2-20261001	matrix.pcapng	7480852	5a890ed42ce721d99b53d3ca15f884243c198df83c3c3b2a40ed62723f292017
ratematrix-v4l-20261001	matrix.pcapng	8403176	a38a345c2ed1391bd453d5188e8acf80a3df1c4a1ad8b7ab50fbedc5d1df1ea6
ratematrix-v4l-run2-20261001	matrix.pcapng	9061864	143999a7745de4d5de229bdd705feb20d357f2998731505032fd91978a3825e9
