pass_,rf_hz,lo_mhz_assumed_if357,r820t2_table_row,r17,r1a,r1b,matches_r820t2_table
scan,171600000,175.17,140,28,2a,14,False
scan,171610000,175.18,140,28,2a,14,False
scan,171620000,175.19,140,28,2a,14,False
scan,171630000,175.2,140,28,2a,14,False
scan,171640000,175.21,140,28,2a,14,False
scan,171650000,175.22,140,28,2a,14,False
scan,171660000,175.23,140,28,2a,14,False
scan,171670000,175.24,140,28,2a,14,False
scan,171680000,175.25,140,28,2a,14,False
scan,171690000,175.26,140,28,2a,14,False
scan,171700000,175.27,140,28,2a,14,False
scan,171710000,175.28,140,28,2a,14,False
scan,171720000,175.29,140,28,2a,14,False
scan,171730000,175.3,140,28,2a,14,False
scan,171740000,175.31,140,28,2a,14,False
scan,171750000,175.32,140,28,2a,14,False
scan,171760000,175.33,140,28,2a,14,False
scan,171770000,175.34,140,28,2a,14,False
scan,171780000,175.35,140,28,2a,14,False
scan,171790000,175.36,140,28,2a,14,False
scan,171800000,175.37,140,28,2a,14,False
scan,171810000,175.38,140,28,2a,14,False
scan,171820000,175.39,140,28,2a,14,False
scan,171830000,175.4,140,28,2a,14,False
scan,171840000,175.41,140,28,2a,14,False
scan,171850000,175.42,140,28,2a,14,False
scan,171860000,175.43,140,28,2a,14,False
scan,171870000,175.44,140,28,2a,14,False
scan,171880000,175.45,140,28,2a,14,False
scan,171890000,175.46,140,28,2a,14,False
scan,171900000,175.47,140,28,2a,14,False
scan,171910000,175.48,140,28,2a,14,False
scan,171920000,175.49,140,28,2a,14,False
scan,171930000,175.5,140,28,2a,14,False
scan,171940000,175.51,140,28,2a,14,False
scan,171950000,175.52,140,28,2a,14,False
scan,171960000,175.53,140,28,2a,14,False
scan,171970000,175.54,140,28,2a,14,False
scan,171980000,175.55,140,28,2a,14,False
scan,171990000,175.56,140,28,2a,14,False
scan,172000000,175.57,140,f4,2a,14,True
